MarkerID,Marker No.,Title,Subtitle,Add'l Subtitle,Year Erected,Erected By,Latitude (minus=S),Longitude (minus=W),Street Address,City or Town,County or Parish,State or Prov.,Location,Missing,Link,Type of mention,Notes,Additional Sources
176959,,Lynching in America / Lynching in Coos County,Community Remembrance Project,,2021,Oregon Remembrance Project • Equal Justice Initiative,43.37579,-124.21255,1210 N Front St,Coos Bay,Coos County,Oregon,"Marker can be reached from North Front Street, on the right when traveling north. ",,http://www.hmdb.org/m.asp?m=176959,single event--single victim,,
55058,,Eastlake Park,,,1997,Percent for Art Program Phoenix Arts Commission City of Phoenix,33.44695,-112.04858,,Phoenix,Maricopa County,Arizona,"Marker is on East Jefferson, 0 miles east of 15th Street, on the right when traveling east. ",,http://www.hmdb.org/m.asp?m=55058,anti-lynching activism/legislation/prosecution,,
176150,,"Lynching in America / The Lynching of Preston Porter, Jr.",Community Remembrance Project,,2020,Equal Justice Initiative & Colorado Lynching Memorial Project,39.74673,-105.00033,1250 14th St,Denver,Denver County,Colorado,"Marker is on Larimer St, 0.1 miles west of 14th, on the left when traveling west. ",,http://www.hmdb.org/m.asp?m=176150,single event--single victim,,
119890,,"Empire, Wyoming: African American Community Building in the West",,,,,42.04774,-104.18385,501 CanAm Highway,Torrington,Goshen County,Wyoming,"Marker is on CanAm Highway (U.S. 85) 0.2 miles north of East 3rd Avenue, on the right when traveling north. ",,http://www.hmdb.org/m.asp?m=119890,multiple events,,
96385,,Hangman's Bridge,"Hays City, Kansas",,,City of Hays Kansas Convention & Visitors Bureau.,38.87674,-99.34412,North Campus Drive,Hays,Ellis County,Kansas,Marker is on North Campus Drive (Old Highway 40) 0.4 miles west of Elm Street. <font color=red> Reported missing.</font>,Confirmed Missing,http://www.hmdb.org/m.asp?m=96385,multiple events,"one event is lynching of Jack McGee, whose race not specified; other event is lynching of Black soldiers in 1869",
96506,,Tommy Drum's Saloon,"Hays City, Kansas",,,City of Hays Kansas Convention & Visitors Bureau.,38.872,-99.33144,115 West 10th Street,Hays,Ellis County,Kansas,"Marker is on West 10th Street west of Main Street, on the right when traveling west. ",,http://www.hmdb.org/m.asp?m=96506,single event--multiple victims,race of soldiers lynched for murder of James Hayes not mentioned; this marker standing while one that does mention race is missing,
162963,,Post Reconstruction Challenges and Achievements,1877-1954,,2016,the Texas African American History Memorial Foundation,30.27329,-97.74147,,Austin,Travis County,Texas,"Marker is at the intersection of West 11th Street and Congress Avenue, on the right when traveling west on West 11th Street. ",,http://www.hmdb.org/m.asp?m=162963,lynching as racial terror,,
205225,,Lynching in America / Lynching in Travis County,Community Remembrance Project,,2017,Equal Justice Initiative and Travis Community Remembrance Project,30.2697,-97.72602,1164 San Bernard St,Austin,Travis County,Texas,"Marker is at the intersection of San Bernard Street and Hackberry Street, on the right when traveling south on San Bernard Street. ",,http://www.hmdb.org/m.asp?m=205225,single event--multiple victims,,
101250,13878,Jessie Daniel Ames,(1883–1972),,1988,Texas Historical Commission,30.63468,-97.676,1004 S Church St,Georgetown,Williamson County,Texas,Marker is on South Church Street. ,,http://www.hmdb.org/m.asp?m=101250,anti-lynching activism/legislation/prosecution,white woman's anti-lynching activism,
190272,,Racial Terror Lynching in America / Racial Terror Lynching of Mr. Fred Rouse,Community Remembrance Project,,2021,"Tarrant County Coalition for Peace and Justice, Equal Justice Initiative",32.77652,-97.3337,1000 NE 12th St,Fort Worth,Tarrant County,Texas,"Marker is at the intersection of Samuels Avenue and NE 12th Street, on the right when traveling north on Samuels Avenue. ",,http://www.hmdb.org/m.asp?m=190272,single event--single victim,,
111650,,The Tulsa Race Riot of 1921,,,2010,"Concerned Citizens and Organizations, the City of Tulsa, and the Oklahoma State Legislature",36.16126,-95.99019,321 North Detroit Avenue,Tulsa,Tulsa County,Oklahoma,"Marker is on Elgin Avenue north of Mathew B. Brady Street, on the left when traveling north. ",,http://www.hmdb.org/m.asp?m=111650,multiple events,,
111663,,Tower of Reconciliation and Healing Walkway,"""Oklahoma - 1541 to the Present""",<i>Sculpture by Ed Dwight</i>,2010,"Concerned Citizens and Organizations, the City of Tulsa, and the Oklahoma State Legislature",36.16092,-95.99017,321 North Detroit Avenue,Tulsa,Tulsa County,Oklahoma,"Marker is on Elgin Avenue north of Mathew B. Brady Street, on the left when traveling north. ",,http://www.hmdb.org/m.asp?m=111663,multiple events,,
171252,,Lynching in America / The 1921 Tulsa Massacre,Community Remembrance Project,,2020,Equal Justice Initiative and the Tulsa Community Remembrance Coalition,36.16131,-95.9865,311 N Greenwood Ave,Tulsa,Tulsa County,Oklahoma,"Marker is at the intersection of North Greenwood Avenue and East Cameron Street, on the right when traveling north on North Greenwood Avenue. ",,http://www.hmdb.org/m.asp?m=171252,multiple events,,
81306,,Monroe School Neighborhood,,,2014,National Park Service,39.03761,-95.67634,1515 SE Monroe Street,Topeka,Shawnee County,Kansas,"Marker is on SE Monroe Street south of SE 15th Street, on the right when traveling south. ",,http://www.hmdb.org/m.asp?m=81306,anti-lynching activism/legislation/prosecution,,
143601,13986,Wesley Tabernacle United Methodist Church,,,2007,Texas Historical Commission,29.29925,-94.79792,902 28th Street,Galveston,Galveston County,Texas,"Marker is at the intersection of 28th Street and Sealy Avenue, on the right when traveling north on 28th Street. ",,http://www.hmdb.org/m.asp?m=143601,anti-lynching activism/legislation/prosecution,,
198772,,Lynching in America / Lynching of Levi Harrington,Community Remembrance Project,,2021,Equal Justice Initiative,39.10281,-94.59328,1031 Summit St,Kansas City,Jackson County,Missouri,Marker can be reached from the intersection of Summit Street and West 10th Street. ,,http://www.hmdb.org/m.asp?m=198772,single event--single victim,,
170745,,Three Black Men Lynched,,,,,37.20879,-93.29211,118122 Park Central Square,Springfield,Greene County,Missouri,Marker can be reached from Park Central Square west of E St. Louis Street. ,,http://www.hmdb.org/m.asp?m=170745,single event--multiple victims,,
173592,,"Lynching in America / The Lynchings of Horace B. Duncan, Fred Coker and William Allen",Community Remembrance Project,,2019,Equal Justice Initiative and African American Heritage Trail,37.20867,-93.29188,110 Park Central Square,Springfield,Greene County,Missouri,"Marker is on Park Central Square east of South Avenue, on the right when traveling east. ",,http://www.hmdb.org/m.asp?m=173592,single event--multiple victims,,
211279,,Lynching in Little Rock,,,2021,Equal Justice Initiative • Arkansas Peace and Justice Memorial Movement,34.74191,-92.35298,7102 W 12th St,Little Rock,Pulaski County,Arkansas,"Marker is at the intersection of West 12th Street and Westpark Drive, on the right when traveling west on West 12th Street. ",,http://www.hmdb.org/m.asp?m=211279,single event--single victim,,
169446,,Columbia Cemetery,African-American Heritage Trail,,2019,"Sharp End Heritage Committee, Economic Development Inc., City of Columbia; signage courtesy of Visionworks Marketing Group, John Shrum and Lili Vianello",38.95156,-92.33743,47 E Broadway,Columbia,Boone County,Missouri,"Marker is on East Broadway, 0.1 miles west of North 1st Street, on the left when traveling west. ",,http://www.hmdb.org/m.asp?m=169446,single event--single victim,lynching of James T. Scott,
169415,,Lest We Forget: Lynching at the Stewart Road Bridge,,,2016,MU's Association of Black Graduate and Professional Students,38.94544,-92.33498,501 S Providence Rd,Columbia,Boone County,Missouri,"Marker can be reached from South Providence Road (State Highway 163) 0.1 miles south of East Stewart Road, on the left when traveling north. ",,http://www.hmdb.org/m.asp?m=169415,single event--single victim,lynching of James T. Scott,
169417,,"""Make A Brighter Future""",,,2017,Columbia Parks and Recreation; C.A.R.E.; Residentarts; Missouri Arts Council; MU Department of Black Studies; One Mic; DBRL,38.94605,-92.3349,111 E Stewart Rd,Columbia,Boone County,Missouri,"Marker is on East Stewart Road just west of South Providence Road (State Highway 163), in the median. ",,http://www.hmdb.org/m.asp?m=169417,single event--single victim,lynching of James T. Scott,
204590,,Lynching in America / Lynching in Duluth,Community Remembrance Project,,2020,the Equal Justice Initiative and the city of Duluth,46.78966,-92.09677,201 E 1st St,Duluth,Saint Louis County,Minnesota,"Marker is at the intersection of East 1st Street and North 2nd Avenue East, on the right when traveling west on East 1st Street. ",,http://www.hmdb.org/m.asp?m=204590,single event--multiple victims,,
163962,,Mass Lynching in New Orleans / Racial Violence in America,Community Remembrance Project,,2020,The Orleans Legacy Project/Equal Justice Initiative,29.94103,-90.07929,1504 Oretha Castle Haley Blvd,New Orleans,Orleans Parish,Louisiana,"Marker is at the intersection of Oretha Castle Haley Boulevard and Martin Luther King Jr Boulevard, in the median on Oretha Castle Haley Boulevard. ",,http://www.hmdb.org/m.asp?m=163962,multiple events,,
204478,,Mary Church Terrell,1863-1954,,2022,Memphis Suffrage Monument Committee,35.14588,-90.05506,1 N Front St,Memphis,Shelby County,Tennessee,"Marker can be reached from the intersection of North Front Street and Madison Avenue, on the right when traveling south. ",,http://www.hmdb.org/m.asp?m=204478,anti-lynching activism/legislation/prosecution,"about Terrell and her anti-lynching activism, but mentions People's Grocery lynchings",
204391,,Ida B. Wells,1862-1931,,2022,,35.14594,-90.055,1 N Front St,Memphis,Shelby County,Tennessee,"Marker can be reached from the intersection of North Front Street and Madison Avenue, on the right when traveling south. ",,http://www.hmdb.org/m.asp?m=204391,anti-lynching activism/legislation/prosecution,"about Wells and her anti-lynching activism, but mentions People's Grocery lynchings",
9306,4E 85,Ida B. Wells,1862–1931,,,Tennessee Historical Commission,35.13938,-90.05112,,Memphis,Shelby County,Tennessee,"Marker is on Beale Street, on the right when traveling south. ",,http://www.hmdb.org/m.asp?m=9306,anti-lynching activism/legislation/prosecution,act of violence is destruction of Ida B. Wells's newspaper offices,
121570,,The Lynching of Lee Walker,,,2018,"The Lynching Sites Project of Memphis, the National Park Service, and the Shelby County Historical Commission.",35.15806,-90.04925,,Memphis,Shelby County,Tennessee,"Marker is at the intersection of North Front Street and A.W. Willis, on the right on North Front Street. ",,http://www.hmdb.org/m.asp?m=121570,single event--single victim,,
148626,,Pre-Civil War Lynching at Market Square,,,2019,"The Lynching Sites Project of Memphis, The National Park Service, and The Shelby County Historical Commission",35.15228,-90.04872,,Memphis,Shelby County,Tennessee,"Marker is on North 2nd Street north of Market Street, on the left when traveling north. ",,http://www.hmdb.org/m.asp?m=148626,single event--single victim,,
116288,4E 106,People's Grocery,,,,Tennessee Historical Commission,35.11939,-90.0386,1026 Mississippi Boulevard,Memphis,Shelby County,Tennessee,"Marker is at the intersection of Mississippi Boulevard and Walker Avenue, on the right when traveling north on Mississippi Boulevard. ",,http://www.hmdb.org/m.asp?m=116288,single event--multiple victims,,
141200,,Thomas Moss ~ Calvin McDowell ~ William Henry Stewart,The Lynching at the Curve,,2018,,35.10953,-90.01416,1426 South Parkway East,Memphis,Shelby County,Tennessee,"Marker is on South Parkway East, 0.7 miles east of South Willett Street, on the right when traveling west. ",,http://www.hmdb.org/m.asp?m=141200,single event--multiple victims,,
103638,,The Lynching of Ell Persons,,,2017,Facing History and Ourselves and Students Uniting Memphis of Overton High School and the Shelby County Historical Commission,35.16028,-89.88086,5404 Summer Ave,Memphis,Shelby County,Tennessee,"Marker is on Summer Avenue (U.S. 79) 0.2 miles west of Shelby Oaks, on the right when traveling west. ",,http://www.hmdb.org/m.asp?m=103638,single event--single victim,,
105947,,The Lynching of Ell Persons,,,2017,"The Memphis Branch NAACP, The National Park Service, and The Lynching Sites Project of Memphis",35.16302,-89.8777,5484 Summer Ave.,Memphis,Shelby County,Tennessee,"Marker is at the intersection of Summer Ave (U.S. 70) and Bartlett Road, on the left when traveling east on Summer Ave. ",,http://www.hmdb.org/m.asp?m=105947,single event--single victim,,
146805,,The Lynching of Wash Henley,,,2019,"The Lynching Sites Project of Memphis, the National Park Service and the Shelby County Historical Commission",35.17734,-89.84329,6578 Raleigh Lagrange Rd,Memphis,Shelby County,Tennessee,"Marker is on Raleigh La Grange Road, 0.3 miles east of Shelby View Drive, on the right when traveling east. ",,http://www.hmdb.org/m.asp?m=146805,single event--single victim,,
200008,7,Spring and Edwards Streets,Site of Edwards School and William Donnegan's Lynching,1908 Race Riot Walking Tour,2018,City of Springfield and the NAACP,39.79631,-89.65573,502 S Spring St,Springfield,Sangamon County,Illinois,"Marker is at the intersection of West Edwards Street and South Spring Street, on the right when traveling west on West Edwards Street. ",,http://www.hmdb.org/m.asp?m=200008,single event--single victim,"one of a series of markers discussing Springfield Race Riot of 1908, but only references single lynching",
48871,,Acts of Intolerance,A Commemorative Sculpture,,,,39.80348,-89.64802,,Springfield,Sangamon County,Illinois,Marker is on N. 6th Street. ,,http://www.hmdb.org/m.asp?m=48871,multiple events,,
199939,4,Eleventh and Madison Streets,Area of Scott Buron's Lynching,1908 Race Riot Walking Tour,2018,City of Springfield and the NAACP,39.80359,-89.64065,229 N 11th St,Springfield,Sangamon County,Illinois,"Marker is at the intersection of North 11th Street and Madison Street, on the right when traveling north on North 11th Street. ",,http://www.hmdb.org/m.asp?m=199939,multiple events,"one of a series of markers discussing Springfield Race Riot of 1908, focus on single lynching but mentions destruction of multiple homes/businesses",
136680,,Ida B. Wells-Barnett,(1862-1931),"Famed African-American journalist, educator, suffragette, and human rights activist.",2019,"Jewish American Society for Historic Preservation, Ida B. Wells-Barnett Museum, Holly Springs",34.76826,-89.44764,,Holly Springs,Marshall County,Mississippi,"Marker is at the intersection of East College Street and South Market Street, on the right when traveling west on East College Street. ",,http://www.hmdb.org/m.asp?m=136680,anti-lynching activism/legislation/prosecution,marking site of anti-Black violence because Wells born enslaved,
169992,,Ida B. Wells,,Mississippi Writers Trail,2019,Mississippi Writers Trail,34.7742,-89.44706,155 Rust Ave,Holly Springs,Marshall County,Mississippi,"Marker is on Rust Avenue east of North Memphis Street (State Route 178), on the right when traveling east. ",,http://www.hmdb.org/m.asp?m=169992,anti-lynching activism/legislation/prosecution,marking site of anti-Black violence because Wells born enslaved,
168751,,Lynching in America / Lynching in Madison County,Community Remembrance Project,,2020,Jackson-Madison County Community Remembrance Project and Equal Justice Initiative,35.61405,-88.8185,100 E Main St,Jackson,Madison County,Tennessee,"Marker is at the intersection of South Liberty Street and East Main Street, on the right when traveling south on South Liberty Street. ",,http://www.hmdb.org/m.asp?m=168751,multiple events,,
111384,27,Michael Donald,,,,the African-American Heritage Trail of Mobile.,30.69038,-88.06317,114 Michael Donald Avenue,Mobile,Mobile County,Alabama,"Marker is on Michael Donald Avenue north of Old Shell Road, on the right when traveling north. ",,http://www.hmdb.org/m.asp?m=111384,single event--single victim,,
202593,,Lynching in America / The Lynching of Richard Robertson,Community Remembrance Project,,2021,Equal Justice Initiative & Mobile County Community Remembrance Project Coalition,30.68909,-88.0406,148-164 Church St,Mobile,Mobile County,Alabama,"Marker is on Church Street near South Royal Street, on the right when traveling west. ",,http://www.hmdb.org/m.asp?m=202593,single event--single victim,,
207065,,Lynching in America / The Lynching of Rueben Sims,Community Remembrance Project,,2021,"Equal Justice Initiative, Baldwin County Remembrance Project",30.88331,-87.77384,1 Courthouse Sq,Bay Minette,Baldwin County,Alabama,"Marker is at the intersection of Courthouse Square and U.S. 31, on the left when traveling north on Courthouse Square. ",,http://www.hmdb.org/m.asp?m=207065,single event--single victim,,
189448,,The Harlem Renaissance,,The Legacy Walk,2017,The Legacy Project,41.94131,-87.64923,3245 North Halsted Street,Chicago,Cook County,Illinois,"Marker is on North Halsted Street north of West Melrose Street, on the right when traveling north. ",,http://www.hmdb.org/m.asp?m=189448,lynching as racial terror,lynching in South as driver for Great Migration,
99761,,Central Station Fragments,,,2015,Chicago Park District,41.86806,-87.62274,1135 South Michigan Ave,Chicago,Cook County,Illinois,Marker can be reached from South Michigan Ave. ,,http://www.hmdb.org/m.asp?m=99761,lynching as racial terror,mention in poem by Langston Hughes,
181804,,Ida B. Wells-Barnett,Chicago Tribute,,1997,"Chicago Tribune, Chicago Department of Cultural Affairs",41.82859,-87.61743,3624 South Martin Luther King Drive,Chicago,Cook County,Illinois,"Marker is on South Martin Luther King Drive, on the right when traveling south. ",,http://www.hmdb.org/m.asp?m=181804,anti-lynching activism/legislation/prosecution,,
181805,,The Ida B. Wells Homes,,,2021,,41.82741,-87.61672,,Chicago,Cook County,Illinois,"Marker is at the intersection of East 37th Street and South King Drive, on the right when traveling east on East 37th Street. ",,http://www.hmdb.org/m.asp?m=181805,anti-lynching activism/legislation/prosecution,,
144856,1,Capitol Park,Tuscaloosa Civil Rights History Trail,,2019,Tuscaloosa Civil Rights History Task Force.,33.20734,-87.57359,2828 6th Street,Tuscaloosa,Tuscaloosa County,Alabama,"Marker is at the intersection of 6th Street and 28th Avenue, on the right when traveling west on 6th Street. ",,http://www.hmdb.org/m.asp?m=144856,lynching as racial terror,,
144735,,Lynching in America / Lynching in Tuscaloosa County,Community Remembrance Project,,2017,Equal Justice Initiative - Community Remembrance Project,33.20717,-87.57348,2803 6th Street,Tuscaloosa,Tuscaloosa County,Alabama,"Marker is at the intersection of 6th Street and 28th Avenue, on the right when traveling east on 6th Street. ",,http://www.hmdb.org/m.asp?m=144735,multiple events,,
69668,,Gallagher Hill/Science Hill,,,,"Lawrence County Historical Commission, Inc.",34.48169,-87.28622,14645 Court St,Moulton,Lawrence County,Alabama,"Marker is at the intersection of Court Street (County Route 460) and Hospital Street, on the right when traveling west on Court Street. ",,http://www.hmdb.org/m.asp?m=69668,single event--single victim,"lynching of Calvin Moody, although Moody not mentioned by name",https://www.al.com/news/2018/04/alabamas_racial_lynching_victi.html
132071,,Lynching in America / Lynching in Selma,Community Remembrance Project,,2018,Equal Justice Initiative,32.40308,-87.01678,,Selma,Dallas County,Alabama,"Marker is on U.S. 80, on the right when traveling north. ",,http://www.hmdb.org/m.asp?m=132071,multiple events,,
101159,,Lynching In America / The Lynching of William Miller,Community Remembrance Project,,2015,the Equal Justice Initiative and the City of Brighton.,33.43014,-86.95124,3700 Huntsville Ave,Brighton,Jefferson County,Alabama,Marker is at the intersection of Woodward Street and Huntsville Avenue on Woodward Street. ,,http://www.hmdb.org/m.asp?m=101159,single event--single victim,,
151279,,Lynching in America / Lynching in Montevallo,Community Remembrance Project,,2020,Equal Justice Initiative - Montevallo Community Remembrance Coalition.,33.09958,-86.86407,Main St,Montevallo,Shelby County,Alabama,"Marker is at the intersection of Main Street (Alabama Route 119) and Shelby Street, on the right when traveling north on Main Street. ",,http://www.hmdb.org/m.asp?m=151279,single event--multiple victims,,
173372,,Racial Terrorism and Convict Leasing / Racial Violence at Brookside Mines,Community Remembrance Project,,2019,Equal Justice Initiative and Jefferson County Memorial Project,33.52087,-86.79042,20 32nd St N,Birmingham,Jefferson County,Alabama,Marker can be reached from 32nd Street North. ,,http://www.hmdb.org/m.asp?m=173372,multiple events,,
147760,,Lynching in America / The Lynchings of Henry and Ephraim Grizzard,Community Remembrance Project,,2019,Equal Justice Initiative and We Remember Nashville,36.16671,-86.7771,,Nashville,Davidson County,Tennessee,"Marker is at the intersection of 1st Avenue North and Union Street North, on the right when traveling north on 1st Avenue North. ",,http://www.hmdb.org/m.asp?m=147760,multiple events,,
147755,,Post-Emancipation Violence in America / Lynching and the Subversion of Legal Rights,Community Remembrance Project,,2019,"Equal Justice Initiative, We Remember Nashville",36.16573,-86.77637,222 1st Ave N,Nashville,Davidson County,Tennessee,"Marker is on 1st Avenue North north of Bank Street, on the right when traveling north. ",,http://www.hmdb.org/m.asp?m=147755,multiple events,,
167223,,Racial Terrorism and Criminal Justice / Lynching in Irondale,Community Remembrance Project,,2021,"Equal Justice Initiative, Irondale Memorial Coalition",33.53848,-86.70813,1900 N 1st St,Irondale,Jefferson County,Alabama,"Marker is on North 1st Street north of 19th Street North, on the right when traveling north. ",,http://www.hmdb.org/m.asp?m=167223,single event--single victim,,
154554,,Enslavement & Racial Terror / Lynching Targeting Black Sharecroppers,Community Remembrance Project,,2019,Equal Justice Initiative Community Remembrance Project,32.07095,-86.69848,,Mt. Willing,Lowndes County,Alabama,"Marker is at the intersection of Snow Hill Drive and Alabama Route 21, on the right when traveling west on Snow Hill Drive. ",,http://www.hmdb.org/m.asp?m=154554,multiple events,,
184279,,Elmore Bolling,"<i>May 10, 1908 - December 4, 1947</i>",,2007,The Bolling Family.,32.26785,-86.59011,879 Highway 80 E,Lowndesboro,Lowndes County,Alabama,"Marker is at the intersection of U.S. 80 at milepost 114 and Steel Haven Road, on the right when traveling east on U.S. 80. ",,http://www.hmdb.org/m.asp?m=184279,single event--single victim,,
160863,,Lynching in America / The Courthouse Lynching of Theo Calloway,Community Remembrance Project,,2020,"Equal Justice Initiative, Lowndes Community Remembrance Coalition",32.18353,-86.57974,1 S Washington St,Hayneville,Lowndes County,Alabama,"Marker is at the intersection of East Lafayette Street and South Washington Street, on the left when traveling east on East Lafayette Street. ",,http://www.hmdb.org/m.asp?m=160863,single event--single victim,,
97983,,Lynching in America / Lynching in Letohatchee,Community Remembrance Project,,2016,"Equal Justice Initiative, Community Remembrance Project.",32.06524,-86.38429,5267 W Hickory Grove Rd,Mt. Carmel,Lowndes County,Alabama,"Marker is on West Hickory Grove Road, 1.3 miles east of Route 97, on the right when traveling east. ",,http://www.hmdb.org/m.asp?m=97983,multiple events,,
118044,,The National Memorial for Peace and Justice,,,2018,the Equal Justice Initiative.,32.37248,-86.31335,417 Caroline Street,Montgomery,Montgomery County,Alabama,"Marker can be reached from Caroline Street south of Clayton Street, on the left when traveling south. ",,http://www.hmdb.org/m.asp?m=118044,lynching as racial terror,,
182635,,Segregation / Civil Rights,,,2019,the Alabama Bicentennial Commission.,32.3772,-86.3017,500 Dexter Ave,Montgomery,Montgomery County,Alabama,"Marker can be reached from Dexter Avenue east of South Decatur Street (Alabama Route 21), on the right when traveling east. ",,http://www.hmdb.org/m.asp?m=182635,lynching as racial terror,,
132762,,Madame C.J. Walker Timeline,,,,,39.77616,-86.16753,623 Indiana Avenue,Indianapolis,Marion County,Indiana,"Marker is on Indiana Avenue west of North West Street, on the right when traveling west. ",,http://www.hmdb.org/m.asp?m=132762,anti-lynching activism/legislation/prosecution,,
116817,,Lynching in America / The Lynching of Bunk Richardson,Community Remembrance Project,,2016,Equal Justice Initiative,34.01217,-85.9991,,Gadsden,Etowah County,Alabama,"Marker is at the intersection of North 1st Street and Locust Street, on the right when traveling north on North 1st Street. ",,http://www.hmdb.org/m.asp?m=116817,single event--single victim,,
203253,2609,"Nannie Helen Burroughs / Notable Educator, Social Activist",(1879-1961),,2020,Kentucky Historical Society • Kentucky Department of Highways,38.25153,-85.76414,,Louisville,Jefferson County,Kentucky,"Marker is on South 8th Street south of West Muhammad Ali Boulevard, on the left when traveling south. ",,http://www.hmdb.org/m.asp?m=203253,anti-lynching activism/legislation/prosecution,,
176380,,Lynching in America / Lynching in Lee County,Community Remembrance Project,,2021,"Equal Justice Initiative, Lee County Remembrance Project",32.64638,-85.37893,,Opelika,Lee County,Alabama,"Marker is on South 9th Street south of Avenue A, on the left when traveling south. ",,http://www.hmdb.org/m.asp?m=176380,multiple events,,
31346,18.1996.1,Shaffer Chapel African Methodist Episcopal Church,,,1996,"Indiana Historical Bureau, & The Delaware County Historical Alliance",40.20354,-85.37043,1501 East Highland Avenue,Muncie,Delaware County,Indiana,"Marker is at the intersection of East Highland Avenue and North Wolfe Street, on the right when traveling east on East Highland Avenue. ",,http://www.hmdb.org/m.asp?m=31346,single event--multiple victims,,
168093,,The Lynching of Henry White / Racial Injustice in America,Community Remembrance Project,,2020,Equal Justice Initiative and Walker County Remembrance Coalition,34.70899,-85.28007,308 North Duke Street,LaFayette,Walker County,Georgia,"Marker is on North Duke Street north of Wardlaw Street East, on the left when traveling north. ",,http://www.hmdb.org/m.asp?m=168093,single event--single victim,,
175130,,Lynching in Shelbyville,Community Remembrance Project,,2020,Equal Justice Initiative and Shelbyville Community Remembrance Project Coalition,38.21177,-85.21581,501 Washington Street,Shelbyville,Shelby County,Kentucky,"Marker is at the intersection of Washington Street (U.S. 60) and Jail Hill Road, on the right when traveling west on Washington Street. ",,http://www.hmdb.org/m.asp?m=175130,multiple events,,
203123,,Lynching in America / Lynching of Sam Pulliam,Community Remembrance Project,,2020,Shelbyville Community Remembrance Project Coalition • Equal Justice Initiative,38.21167,-85.21581,,Shelbyville,Shelby County,Kentucky,"Marker is at the intersection of Washington Street (U.S. 60) and 5th Street, on the left when traveling west on Washington Street. ",,http://www.hmdb.org/m.asp?m=203123,single event--single victim,,
203119,,Reconstruction in America / Lynching of Reuben Dennis,Community Remembrance Project,,2020,Shelbyville Community Remembrance Project Coalition • Equal Justice Initiative,38.21166,-85.21578,,Shelbyville,Shelby County,Kentucky,"Marker is at the intersection of Washington Street (U.S. 60) and 5th Street, on the left when traveling west on Washington Street. ",,http://www.hmdb.org/m.asp?m=203119,single event--single victim,,
103140,,Lynching in America / Raising a Voice Against Racial Violence,Community Remembrance Project,,2017,"the Equal Justice Initiative, Community Remembrance Project.",33.03513,-85.02453,416 East Depot Street,LaGrange,Troup County,Georgia,"Marker is at the intersection of Union Street and East Depot Street, on the right when traveling south on Union Street. ",,http://www.hmdb.org/m.asp?m=103140,single event--single victim,,
45865,,"Eugene J. Bullard, 1895-1961 / World’s First Black Combat Aviator",,,2007,The Historic Columbus Foundation and Historic Chattahoochee Commission,32.48543,-84.9777,,Columbus,Muscogee County,Georgia,"Marker is at the intersection of Talbotton Road (Georgia Route 85) and Ashley Station Road, on the left when traveling east on Talbotton Road. ",,http://www.hmdb.org/m.asp?m=45865,single event--single victim,mentions attempted lynching of Bullard's father,
178139,,"Lynching in America / Lynchings In Oxford, OH",Community Remembrance Project,,2021,Equal Justice Initiative Butler County Community Remembrance Project,39.51065,-84.74297,10 W High St,Oxford,Butler County,Ohio,"Marker is at the intersection of West High Street (U.S. 27) and West Park Place, on the right when traveling west on West High Street. ",,http://www.hmdb.org/m.asp?m=178139,multiple events,,
136757,,Georgia Anti-Lynching Memorial,,,2018,"Jewish American Society for Historic Preservation, ADL, Rabbi Steven Lebow, Temple Kol Emeth",33.9512,-84.5173,,Marietta,Cobb County,Georgia,"Marker is at the intersection of Roswell Road and Larry McDonald Memorial highway (Interstate 75), on the right when traveling west on Roswell Road. ",,http://www.hmdb.org/m.asp?m=136757,lynching--general,"anti-lynching memorial at Leo Frank site, does not mention anti-Black lynchings in particular, but written to be inclusive of other victims of hatred and prejudice",
182170,L2328,John Taylor,,,2019,Michigan Historical Commission - Michigan History Center,42.63223,-84.51105,4221 Charlar Drive,Holt,Ingham County,Michigan,"Marker can be reached from Cedar Street north of Holbrook Drive, on the right when traveling south. ",,http://www.hmdb.org/m.asp?m=182170,single event--single victim,,
171842,,Lynching in America / Lynching of Mack Henry Brown,Community Remembrance Project,,2021,"Equal Justice Initiative, Fulton County Remembrance Coalition.",34.00584,-84.34886,575 Riverside Rd,Roswell,Fulton County,Georgia,"Marker can be reached from Riverside Road, ½ mile east of Roswell Road, on the right when traveling east. ",,http://www.hmdb.org/m.asp?m=171842,single event--single victim,,
185921,,Lynching in America / The Lynching of Porter Turner,Community Remembrance Project,,2021,"Equal Justice Initiative, DeKalb Remembrance Project.",33.7746,-84.34189,,Druid Hills,DeKalb County,Georgia,"Marker is at the intersection of Oakdale Road NE and South Ponce De Leon Avenue, on the right when traveling south on Oakdale Road NE. ",,http://www.hmdb.org/m.asp?m=185921,single event--single victim,,
171839,,Lynching in America / Lynching in DeKalb County,Community Remembrance Project,,2020,"Equal Justice Initiative, NAACP Dekalb Remembrance Project.",33.77408,-84.29674,556 N McDonough St,Decatur,DeKalb County,Georgia,"Marker is on North McDonough Street north of Trinity Place, on the right when traveling south. ",,http://www.hmdb.org/m.asp?m=171839,multiple events,,
186412,,Lynching in America / Lynching In Leon County,Community Remembrance Project,,2020,Equal Justice Initiative - Tallahassee Community Remembrance Project,30.43527,-84.27702,,Tallahassee,Leon County,Florida,"Marker is at the intersection of East Gaines Street and South Meridian Street, on the right when traveling east on East Gaines Street. ",,http://www.hmdb.org/m.asp?m=186412,multiple events,,
171844,,Lynching in America / Lynching in Forsyth County,Community Remembrance Project,,2020,"Equal Justice Initiative, Community Remembrance Project of Forsyth County.",34.20614,-84.1395,100 W Courthouse Sq,Cumming,Forsyth County,Georgia,"Marker is at the intersection of West Maple Street (Georgia Route 20) and Veterans Memorial Boulevard (Georgia Route 9), on the left when traveling east on West Maple Street. ",,http://www.hmdb.org/m.asp?m=171844,multiple events,,
171837,,Lynching in America / Mob Violence in Lithonia,Community Remembrance Project,,2021,"Equal Justice Initiative, Dekalb Remembrance Project",33.71038,-84.10893,,Lithonia,DeKalb County,Georgia,"Marker is on Max Cleland Boulevard south of Bond Street, on the right when traveling south. ",,http://www.hmdb.org/m.asp?m=171837,multiple events,,
197693,,Lynching in America / Lynching of Charles Hale,Community Remembrance Project,,2022,Gwinnett Remembrance Coalition • Equal Justice Initiative,33.95707,-83.98956,186 N Perry St,Lawrenceville,Gwinnett County,Georgia,"Marker is at the intersection of North Perry Street (Georgia Route 20) and Lawrenceville Highway (Georgia Route 8), on the left when traveling south on North Perry Street. ",,http://www.hmdb.org/m.asp?m=197693,single event--single victim,,
19775,147-1,Moore’s Ford Lynching,,,1999,"Georgia Historical Society and the Moore's Ford Memorial Committee, Inc.",33.85694,-83.61222,,Monroe,Walton County,Georgia,"Marker is at the intersection of U.S. 78 and Locklin Road, on the right when traveling east on U.S. 78. ",,http://www.hmdb.org/m.asp?m=19775,single event--multiple victims,,
114978,92-2,Mary Turner and the Lynching Rampage of 1918,,,2010,"Georgia Historical Society, Lowndes/Valdosta Southern Christian Leadership Conference, Valdosta State University &#8212; Women and Gender Project, and The Mary Turner Project",31.0003,-83.45468,,Hahira,Lowndes County,Georgia,Marker is at the intersection of Wells Road and Georgia Route 122 on Wells Road. <font color=red> Reported permanently removed.</font>,Confirmed Missing,http://www.hmdb.org/m.asp?m=114978,multiple events,original marker vandalized,
106289,24-Jan,Fayette County Court House / Washington Court House Riot of 1894,Archibald M. Willard Murals,,2002,"Ohio Bicentennial Commission, The Longaberger Company, Fayette County Travel and Tourism Bureau, and The Ohio Historical Society",39.53613,-83.43975,110 E. Court Street,Washington Court House,Fayette County,Ohio,"Marker is at the intersection of East Court Street (U.S. 22) and North Main Street, on the left when traveling east on East Court Street. ",,http://www.hmdb.org/m.asp?m=106289,single event--single victim,attempted lynching that was unsuccessful; Dolby was Black but race not mentioned in marker,
198869,,"In Memory of Martyred Brothers, Sisters and Unknown Others",,,,,33.93318,-83.43826,600 Epps Bridge Pkwy,Athens,Athens-Clarke County,Georgia,"Marker is on Epps Bridge Parkway south of Timothy Road, on the right when traveling south. ",,http://www.hmdb.org/m.asp?m=198869,multiple events,"marker itself does not specifically signal that victims were Black, but in context of nearby Chestnut Grove School marker meaning may be understood to be implied; placed by Episcopal Diocese of Atlanta, which is under leadership of Black bishop but does not appear to be a predominantly Black congregation",
199928,F-1102,Harry Tyson Moore ~ A Native Son of Suwannee County,,,2020,"Douglass High School Alumni & Historical Assn., Inc., Board of Directors: Robert I. Ford, REv. F.W. Williams, Jr., Annette Herring, Ruthie M. McClendon, Willie McClendon, Janice Goodman, Annie M. Herring, Gary Caldwell, Jimmy Cherry, Rev. Nelson Perry, Susan H. Ford, and the Florida Department of State",30.29363,-82.97813,,Live Oak,Suwannee County,Florida,"Marker is at the intersection of U.S. 90 and Mills Street, on the right when traveling east on U.S. 90. ",,http://www.hmdb.org/m.asp?m=199928,single event--multiple victims,"marker for Harry T. Moore, born near Live Oak; mentions anti-lynching activism as well as murder",
180045,,Lynching in America / The Lynching of John Evans,Community Remembrance Project,,2020,"Equal Justice Initiative, Pinellas Remembers Community Coalition",27.76967,-82.64673,,St. Petersburg,Pinellas County,Florida,"Marker is on Martin Luther King, Jr. Street just north of 2nd Avenue South, on the left when traveling north. ",,http://www.hmdb.org/m.asp?m=180045,multiple events,title points to single lynching but text discusses terror targeting community,
64413,,Lynching of John Evans,,,,,27.77123,-82.64648,,St. Petersburg,Pinellas County,Florida,Marker can be reached from the intersection of Dr. Martin Luther King Jr. Street and Central Avenue when traveling north. <font color=red> Reported missing.</font>,Confirmed Missing,http://www.hmdb.org/m.asp?m=64413,single event--single victim,tagged with graffiti before/in addition to being missing,
206687,XB-27,Leonard Woods Lynched,,,2020,Department of Historic Resources,37.15476,-82.63087,12510 Orby Cantrell Hwy,Pound,Wise County,Virginia,"Marker is on Orby Cantrell Highway (U.S. 23) 0.1 miles west of Apostolic Drive, on the right when traveling east. ",,http://www.hmdb.org/m.asp?m=206687,single event--single victim,,
186426,,Lynching in America / Racial Terror Lynchings in Newberry,Community Remembrance Project,,2021,Alachua County Community Remembrance Project - Equal Justice Initiative,29.65365,-82.60182,24505 Newberry Ln,Newberry,Alachua County,Florida,"Marker is at the intersection of Newberry Lane and NW 245 Street, on the left when traveling west on Newberry Lane. ",,http://www.hmdb.org/m.asp?m=186426,multiple events,,
204979,,Lynching in America / The Lynching of Hezekiah Rankin,Community Remembrance Project,,2021,"Equal Justice Initiative, Buncombe Community Remembrance Project",35.58943,-82.5726,162 Craven St,Asheville,Buncombe County,North Carolina,"Marker is at the intersection of Craven Street and Emma Road (County Road 1338), on the left when traveling east on Craven Street. ",,http://www.hmdb.org/m.asp?m=204979,single event--single victim,,
205147,,The Lynching of Bob Brackett / Lynching in America,Community Remembrance Project,,2021,"Equal Justice Initiative, Buncombe Community Remembrance Project",35.59288,-82.55034,56 S Market St,Asheville,Buncombe County,North Carolina,"Marker is at the intersection of South Market Street and Sycamore Street, on the right when traveling south on South Market Street. ",,http://www.hmdb.org/m.asp?m=205147,single event--single victim,,
205149,,Lynching in America / The Lynching of John Humphries,Community Remembrance Project,,2021,"Equal Justice Initiative, Buncombe Community Remembrance Project",35.59577,-82.55018,,Asheville,Buncombe County,North Carolina,"Marker is at the intersection of College Street (Alternate U.S. 74) and South Spruce Street, on the right when traveling east on College Street. ",,http://www.hmdb.org/m.asp?m=205149,single event--single victim,,
135956,F-1038,The Newberry Lynchings of 1916,,,2018,"The Pleasant Plain United Methodist Church, Patricia Hillard-Nunn, and the Florida Department of State",29.67122,-82.52,1910 Northwest 166th Street,Newberry,Alachua County,Florida,"Marker is at the intersection of Northwest 166th Street and Northwest 20th Avenue, on the left when traveling north on Northwest 166th Street. ",,http://www.hmdb.org/m.asp?m=135956,single event--multiple victims,,
206382,,Lynching in America / The Lynching of Robert Johnson,Community Remembrance Project,,2022,Tampa-Hillsborough Community Remembrance Project-Equal Justice Initiative,27.95418,-82.46422,,Tampa,Hillsborough County,Florida,"Marker is at the intersection of Doyle Carlton Drive and West Laurel Street, on the right when traveling south on Doyle Carlton Drive. ",,http://www.hmdb.org/m.asp?m=206382,single event--single victim,,
40503,23-41,The Lynching Of Willie Earle,,,2010,Willie Earle Commemorative Trail Committee,34.84487,-82.46395,,Greenville,Greenville County,South Carolina,"Marker is on Old Easley Highway (State Highway 124) near Bramlett Road (County Road 105), on the left when traveling north. <font color=red> Reported missing.</font>",Reported Missing,http://www.hmdb.org/m.asp?m=40503,single event--single victim,reported missing,
206360,,Lynching in America / The Lynching of Tom Keith,Community Remembrance Project,,2021,"Community Remembrance Project, Equal Justice Initiative",34.93647,-82.44725,,Greenville,Greenville County,South Carolina,"Marker is at the intersection of West Duncan Road (U.S. 25) and Exeter Way, in the median on West Duncan Road. ",,http://www.hmdb.org/m.asp?m=206360,single event--single victim,,
40504,23-42,Greenville County Courthouse / The Willie Earle Lynching Trial,,,2010,the Willie Earle Commemorative Trail Committee,34.84898,-82.40075,,Greenville,Greenville County,South Carolina,"Marker is on West Court St., in the median. ",,http://www.hmdb.org/m.asp?m=40504,single event--single victim,,
101841,,The Lynching of Anthony Crawford / Racial Violence in South Carolina,Community Remembrance Project,,2016,Equal Justice Initiative,34.17746,-82.37835,,Abbeville,Abbeville County,South Carolina,"Marker is on Court Square (State Highway 202), on the right when traveling north. ",,http://www.hmdb.org/m.asp?m=101841,single event--single victim,,
126060,,The George Carter House,,,2003,"City of Inverness, Florida and Rotary Club International",28.83579,-82.333,301 West Main Street,Inverness,Citrus County,Florida,"Marker is at the intersection of West Main Street (Gulf to Lake Highway) (State Road 44) and South Seminole Avenue, on the right when traveling east on West Main Street (Gulf to Lake Highway). ",,http://www.hmdb.org/m.asp?m=126060,single event--single victim,home of sheriff dismissed for not prosecuting those responsible for lynching Black man (not named) and later reinstated,
186407,,Lynching in America / Reconstruction-Era Lynchings in Gainesville,Community Remembrance Project,,2021,Alachua County Community Remembrance Project - Equal Justice Initiative.,29.65148,-82.32475,10 S Main St,Gainesville,Alachua County,Florida,"Marker is on South Main Street (Florida Route 329) just south of East University Avenue (Florida Route 24/26), on the right when traveling north. ",,http://www.hmdb.org/m.asp?m=186407,multiple events,,
207585,,Lynching in America / Lynching in Gainesville,Community Remembrance Project,,2021,"Alachua County Community Remembrance Project, Equal Justice Initiative",29.6615,-82.3075,1028 NE 14th St,Gainesville,Alachua County,Florida,"Marker is on Northeast 14th Street, 0.1 miles north of Northeast 8th Avenue, on the left when traveling north. ",,http://www.hmdb.org/m.asp?m=207585,multiple events,,
173835,,Lynching in America / Lynching of Christopher Davis,Community Remembrance Project,,2020,Equal Justice Initiative Christopher Davis Remembrance Project,39.32531,-82.10176,10 W Mulberry,Athens,Athens County,Ohio,"Marker is at the intersection of West Mulberry and South Court Street, on the right when traveling east on West Mulberry. ",,http://www.hmdb.org/m.asp?m=173835,single event--single victim,,
205809,,Lynching in America / The Lynching of Henry Howard,Community Remembrance Project,,2021,Equal Justice Initiative / Coshocton For Peace And Equality,40.2738,-81.86619,318 Main St,Coshocton,Coshocton County,Ohio,"Marker is on Main Street east of North 3rd Street (Ohio Route 541), on the right when traveling west. ",,http://www.hmdb.org/m.asp?m=205809,single event--single victim,,
196451,,Lynching in America / Lynching in Union County after 1877,Community Remembrance Project,,2021,"Union County Community Remembrance Project, Equal Justice Initiative",34.71492,-81.62566,,Union,Union County,South Carolina,"Marker is on West Main Street (South Carolina Route 49) west of South Herndon Street, on the left when traveling west. ",,http://www.hmdb.org/m.asp?m=196451,multiple events,,
196452,,Reconstruction Era Lynchings in Union County / Union County Jail Raid Massacre,Community Remembrance Project,,2021,"Union County Community Remembrance Project, Equal Justice Initiative",34.7149,-81.62566,,Union,Union County,South Carolina,"Marker is on West Main Street (South Carolina Route 49) west of South Herndon Street, on the left when traveling west. ",,http://www.hmdb.org/m.asp?m=196452,multiple events,,
160890,F-1078,Orange County Election Day Violence/ Ocoee Massacre and Exodus,,,2019,"the City of Ocoee, and the Florida Department of State",28.57077,-81.54177,,Ocoee,Orange County,Florida,"Marker is at the intersection of North Lakeshore Drive and Oakland Avenue, on the right when traveling south on North Lakeshore Drive. ",,http://www.hmdb.org/m.asp?m=160890,multiple events,discusses lynching of July Perry and Ocoee massacre,
167991,,The Defender,Fort Frederica National Monument,,,"National Park Service, U.S. Department of the Interior",31.22361,-81.38991,6515 Frederica Road,St. Simons Island,Glynn County,Georgia,"Marker can be reached from Mimosa Drive, 0.2 miles west of Frederica Road. ",,http://www.hmdb.org/m.asp?m=167991,anti-lynching activism/legislation/prosecution,,
137336,,Lynching of July Perry / Racial Violence in America,3-Nov-20,Community Remembrance Project,2019,the Equal Justice Initiative,28.54277,-81.37805,65 East Central Blvd,Orlando,Orange County,Florida,"Marker is at the intersection of East Central Boulevard and Court Avenue, on the right when traveling west on East Central Boulevard. ",,http://www.hmdb.org/m.asp?m=137336,multiple events,title points to single lynching but text discusses Ocoee massacre,
211456,,The Lynching of Isaac Barrett/Racial Violence in America,,,2018,Equal Justice Initiative,29.89799,-81.31467,10 S Castillo Dr,St. Augustine,St. Johns County,Florida,"Marker is on Cordova Street north of Orange Street, on the right when traveling north. ",,http://www.hmdb.org/m.asp?m=211456,single event--single victim,,
208773,,The Lynching of Raymond Byrd,,,2020,John Johnson in collaboration with the Town of Wytheville,36.94975,-81.08565,270 West Monroe Street,Wytheville,Wythe County,Virginia,"Marker is on West Monroe Street east of North 4th Street (U.S. 21), on the left when traveling east. ",,http://www.hmdb.org/m.asp?m=208773,single event--single victim,,
56499,40-161,Nathaniel J. Frederick House,,,2012,"The Historic Columbia Foundation, the City of Columbia, and the S.C. Department of Transportation",34.00347,-81.03818,1416 Park Street,Columbia,Richland County,South Carolina,"Marker is on Park Street, on the right when traveling north. ",,http://www.hmdb.org/m.asp?m=56499,single event--multiple victims,"home of attorney who defended Lowman Trio (named in supplementary material, not on marker), who were lynched—is there a marker specifically for them?",
200228,,Tybee Island Wade-Ins,,,,Tybee Island Historical Society • Tybee MLK Human Rights Organization,32.02163,-80.84414,,Tybee Island,Chatham County,Georgia,"Marker can be reached from Meddin Drive north of Sprucewood Avenue/Gulick Street, on the right when traveling north. ",,http://www.hmdb.org/m.asp?m=200228,lynching as racial terror,,
196317,,Harry Tyson Moore,Martyr for Freedom,1905-1951,1985,Florida State Conference of NAACP Branches,28.60698,-80.8141,725 S Deleon Ave,Titusville,Brevard County,Florida,"Marker is on South Deleon Avenue, 0.1 miles south of South St. (Florida Route 405), on the right when traveling north. ",,http://www.hmdb.org/m.asp?m=196317,anti-lynching activism/legislation/prosecution,"dedication to Moore's anti-lynching activism that also mentions murder in Mims, though not naming it as a lynching; marker is just over 5 miles from Mims",
207306,,Lynching in America / The Lynching of Thomas Smith,Community Remembrance Project,,2022,"Equal Justice Initiative, and Roanoke Community Remembrance Project",37.26565,-79.94641,,Roanoke,Roanoke,Virginia,"Marker is on Franklin Road Southwest south of Mountain Avenue Southwest, on the right when traveling south. ",,http://www.hmdb.org/m.asp?m=207306,single event--single victim,,
69596,Q-35,Mary Johnston,(1870 – 1936),,2013,Department of Historic Resources,38.04717,-79.78622,,Warm Springs,Bath County,Virginia,"Marker is at the intersection of Sam Snead Highway (U.S. 220) and Three Hills Lane, on the left when traveling south on Sam Snead Highway. ",,http://www.hmdb.org/m.asp?m=69596,anti-lynching activism/legislation/prosecution,,
171769,,The Lynching of Edward Roach,,,2020,,36.35827,-78.9791,1538 Old Durham Rd,Roxboro,Person County,North Carolina,"Marker is on Old Durham Road (County Road 1700) 0.1 miles south of Walker Nelson Drive, on the left when traveling south. ",,http://www.hmdb.org/m.asp?m=171769,single event--single victim,"Ed Roach's race not named, although perhaps implied in naming perpetrators as white",
158137,A-131,Charlotte Harris Lynched,6 March 1878,,2020,Department of Historic Resources,38.44913,-78.86891,1903 Court Square,Harrisonburg,Harrisonburg,Virginia,"Marker is on Court Square (U.S. 33) just west of South Main Street (U.S. 11), on the left when traveling east. ",,http://www.hmdb.org/m.asp?m=158137,single event--single victim,,
175092,,Mary B. Talbert,,,,"New York State, George E. Pataki, Governor",42.88642,-78.86741,511 Michigan Ave,Buffalo,Erie County,New York,"Marker is on Michigan Avenue south of Broadway, on the right when traveling north. ",,http://www.hmdb.org/m.asp?m=175092,anti-lynching activism/legislation/prosecution,,
175088,,Mary Morris Burnett Talbert,"Club woman, civil rights leader, social activist, educator",1866 - 1923,2006,,42.92806,-78.86056,1411 Delaware Ave,Buffalo,Erie County,New York,Marker can be reached from Delaware Avenue. ,,http://www.hmdb.org/m.asp?m=175088,anti-lynching activism/legislation/prosecution,,
199893,,Lynching in America / Lynching in Allegany County,Community Remembrance Project,,2021,Allegany County Lynching Truth & Reconciliation; Equal Justice Initiative,39.65064,-78.76645,24 Washington St,Cumberland,Allegany County,Maryland,"Marker is on Prospect Square just south of Washington Street, on the left when traveling south. ",,http://www.hmdb.org/m.asp?m=199893,single event--single victim,,
166184,,Lynching in America / Lynching of John Henry James,Community Remembrance Project,,2019,The Equal Justice Initiative,38.03145,-78.47727,,Charlottesville,Charlottesville,Virginia,"Marker is at the intersection of Park Street and Jefferson Street, on the left when traveling north on Park Street. ",,http://www.hmdb.org/m.asp?m=166184,single event--single victim,,
107093,,"William Preston Lane, Jr.",1892 - 1967,Political And Civil Rights Figure,,,39.63238,-77.72334,,Hagerstown,Washington County,Maryland,Marker can be reached from the intersection of West Memorial Boulevard and South Potomac Street. ,,http://www.hmdb.org/m.asp?m=107093,anti-lynching activism/legislation/prosecution,"role of William Preston Lane in investigating lynching of Matthew Williams in Somerset County—Williams was Black, but marker does not mention his name or race",
136586,,The Orion Anderson Story,,,2019,,39.11086,-77.56362,,Leesburg,Loudoun County,Virginia,"Marker can be reached from Harrison Street Southeast, 0.2 miles south of Loudon Street Southeast, on the right when traveling south. ",,http://www.hmdb.org/m.asp?m=136586,single event--single victim,,
57530,SA-73,"John Mitchell, Jr., ""Fighting Editor""",,,2005,Department of Historic Resources,37.54504,-77.43813,401 N 3rd St,Richmond,Richmond,Virginia,"Marker is at the intersection of North 3rd Street and East Marshall Street, on the right when traveling north on North 3rd Street. ",,http://www.hmdb.org/m.asp?m=57530,anti-lynching activism/legislation/prosecution,,
132508,V 54,"Isaac Brandon Lynched, 6 April 1892",,,2018,Department of Historic Resources,37.34248,-77.07197,10600 Courthouse Road,Charles City,Charles City County,Virginia,"Marker is at the intersection of Courthouse Road (Route 644) and Courthouse Green Way (Route 628), on the right when traveling east on Courthouse Road. ",,http://www.hmdb.org/m.asp?m=132508,single event--single victim,,
76972,,Greenwood Cemetery,Historic Burial Site,,,North Carolina Civil War Trails,35.11469,-77.0469,810 Cypress Street,New Bern,Craven County,North Carolina,"Marker is at the intersection of Cypress Street and Smith Street, on the right when traveling west on Cypress Street. ",,http://www.hmdb.org/m.asp?m=76972,anti-lynching activism/legislation/prosecution,,
188809,,The Lynching of Benjamin Thomas,"August 8, 1899",,2021,"City of Alexandria, Virginia; Alexandria Community Remembrance Project",38.80446,-77.04268,300 King St,Alexandria,Alexandria,Virginia,"Marker is at the intersection of King Street and South Fairfax Street, on the right when traveling east on King Street. ",,http://www.hmdb.org/m.asp?m=188809,single event--single victim,,
111997,,"""Stand By Me""",,,2015,DC Commission on the Arts and Humanities,38.91729,-77.03108,1351 U Street Northwest,U Street Corridor,Washington,District of Columbia,Marker is on U Street Northwest east of 14th Street Northwest. ,,http://www.hmdb.org/m.asp?m=111997,anti-lynching activism/legislation/prosecution,,
112000,,"""All Men Are Brothers""",,,2015,DC Commission on the Arts & Humanities,38.91744,-77.03107,1351 U Street Northwest,U Street Corridor,Washington,District of Columbia,"Marker can be reached from U Street Northwest east of 14th Street Northwest, on the right when traveling west. ",,http://www.hmdb.org/m.asp?m=112000,anti-lynching activism/legislation/prosecution,,
91878,,Ida Wells-Barnett 1862 - 1921,The Extra Mile,Points of Light Volunteer Pathway,,,38.89823,-77.03025,1304 G Street Northwest,Penn Quarter,Washington,District of Columbia,"Marker is on G Street Northwest east of 13th Street Northwest, on the right when traveling east. ",,http://www.hmdb.org/m.asp?m=91878,anti-lynching activism/legislation/prosecution,,
112455,10,Escape from Slavery,River Farms to Urban Towers,Southwest Heritage Trail,,Cultural Tourism DC,38.87833,-77.02331,965 7th Street Southwest,Southwest Waterfront,Washington,District of Columbia,"Marker is at the intersection of 7th Street Southwest and Maine Avenue Southwest, in the median on 7th Street Southwest. <font color=red> Reported missing.</font>",Reported Missing,http://www.hmdb.org/m.asp?m=112455,multiple events,,
130772,4,Armed Resistance,Lift Every Voice,Georgia Ave./Pleasant Plains Heritage Trail,2011,Cultural Tourism DC,38.91609,-77.02169,,Shaw,Washington,District of Columbia,"Marker is on Florida Avenue Northwest (Route 29) east of 7th Street Northwest, on the left when traveling west. ",,http://www.hmdb.org/m.asp?m=130772,single event--single victim,,
30059,,National Council of Negro Women,"African American Heritage Trail, Washington, DC","633 Pennsylvania Avenue, NW",,Cultural Tourism DC,38.89337,-77.02138,633 Pennsylvania Avenue Northwest,Penn Quarter,Washington,District of Columbia,"Marker is at the intersection of Pennsylvania Avenue Northwest and 7th Street Northwest, on the left when traveling east on Pennsylvania Avenue Northwest. ",,http://www.hmdb.org/m.asp?m=30059,anti-lynching activism/legislation/prosecution,,
150840,,Shaw Historic Bike Tour / Past Activists Make Way For Future Greatness,,,,,38.91276,-77.01967,1701 6th Street Northwest,Shaw,Washington,District of Columbia,"Marker is on R Street Northwest just east of 6th Street Northwest (U.S. 1), on the right when traveling west. ",,http://www.hmdb.org/m.asp?m=150840,anti-lynching activism/legislation/prosecution,,
191126,0 79,Thomas Washington Lynched,,,2021,Department of Historic Resources,37.80792,-76.78845,31248 Tidewater Trail,Center Cross,Essex County,Virginia,"Marker is on Tidewater Trail (U.S. 17) west of Forest Grove Road (Virginia Route 718), on the right when traveling east. ",,http://www.hmdb.org/m.asp?m=191126,single event--single victim,,
101456,,Clarence and Parren Mitchell,Baltimore Black History,,,,39.29325,-76.64892,,Midtown-Edmondson,Baltimore,Maryland,Marker is on Payson Street. ,,http://www.hmdb.org/m.asp?m=101456,anti-lynching activism/legislation/prosecution,Clarence Mitchell's reporting on an Eastern Shore lynching—about activism/response rather than lynching itself,
187334,,Lynching in America / Lynching of Benjamin Hance,Community Remembrance Project,,2021,"Equal Justice Initiative, The Big Conversation Partnership",38.28956,-76.63597,41625 Court House Dr,Leonardtown,St. Mary's County,Maryland,"Marker is on Court House Drive just east of Washington Street (Maryland Route 326), on the right when traveling east. ",,http://www.hmdb.org/m.asp?m=187334,single event--single victim,,
168821,,Foundation on Which to Build a Community,Pennsylvania Avenue Heritage Trail,,,,39.30088,-76.62808,,Upton,Baltimore,Maryland,Marker is at the intersection of Dolphin Street and Etting Street on Dolphin Street. ,,http://www.hmdb.org/m.asp?m=168821,anti-lynching activism/legislation/prosecution,,
168825,,Early Civil Rights Era,Pennsylvania Avenue Heritage Trail,,,,39.30452,-76.62707,1324 Eutaw Pl,Madison Park,Baltimore,Maryland,Marker is at the intersection of Eutaw Place and West Lafayette Avenue on Eutaw Place. ,,http://www.hmdb.org/m.asp?m=168825,anti-lynching activism/legislation/prosecution,,
174864,,Lynching in America / Lynching of Howard Cooper,Community Remembrance Project,,2021,"Maryland Lynching Memorial Project, Equal Justice Initiative",39.39808,-76.608,200 Courthouse Ct,Towson,Baltimore County,Maryland,"Marker is at the intersection of Courthouse Court and Bosley Avenue (Maryland Route 45), on the left when traveling south on Courthouse Court. ",,http://www.hmdb.org/m.asp?m=174864,single event--single victim,,
118456,,Loring Cornish / How Great Thou Art,,,2018,Loring Cornish,39.28143,-76.59428,1622 Thames Street,Fells Point,Baltimore,Maryland,Marker is on Thames Street east of South Bond Street. ,,http://www.hmdb.org/m.asp?m=118456,lynching--general,,
142371,,Lynching in America / Lynching in Anne Arundel County,Community Remembrance Project,,2019,Equal Justice Initiative,39.07306,-76.54513,45 W McKinsey Rd,Severna Park,Anne Arundel County,Maryland,"Marker is on West McKinsey Road, 0.1 miles east of Baltimore Annapolis Boulevard (Maryland Route 648), on the right when traveling east. ",,http://www.hmdb.org/m.asp?m=142371,multiple events,,
53171,,Who was Henry Davis?,Maryland Lynchings,,2001,,38.97691,-76.50711,,Annapolis,Anne Arundel County,Maryland,Marker can be reached from the intersection of West Street (Maryland Route 450) and Brewer Avenue. ,,http://www.hmdb.org/m.asp?m=53171,multiple events,,
186650,,A County Seat,,,,,39.2091,-76.06583,,Chestertown,Kent County,Maryland,Marker is on Park Row. ,,http://www.hmdb.org/m.asp?m=186650,single event--single victim,,
197940,,James Herbert Cameron,(1914-2006),,,,42.10129,-75.9153,,Binghamton,Broome County,New York,,,http://www.hmdb.org/m.asp?m=197940,single event--multiple victims,Cameron was lone survivor of lynching,
14833,,Lynching of Zachariah Walker,,,2006,Pennsylvania Historical and Museum Commission,39.97099,-75.8318,172 Doe Run Rd,East Fallowfield Township,Chester County,Pennsylvania,"Marker is on Doe Run Road (Pennsylvania Route 82) ¼ mile south of the Coatesville city limits, on the left when traveling south. ",,http://www.hmdb.org/m.asp?m=14833,single event--single victim,,
205653,,"""A Stand for Justice Gives Rise to Coatesville Area NAACP""",,,,,39.97389,-75.81944,668 S 1st Ave,South Coatesville,Chester County,Pennsylvania,"Marker is at the intersection of Modena Road and South 1st Avenue, on the right when traveling north on Modena Road. ",,http://www.hmdb.org/m.asp?m=205653,single event--single victim,"marks site where lynching was averted, after lynching of Zachariah Walker decades earlier",
195011,NCC-244,The Lynching of George White,,,2019,Delaware Public Archives,39.73758,-75.63094,3401 Kirkwood Hwy,Wilmington,New Castle County,Delaware,"Marker can be reached from the intersection of Kirkwood Highway (Delaware Route 2) and Newport Gap Pike (Delaware Route 41), on the right when traveling west. ",,http://www.hmdb.org/m.asp?m=195011,single event--single victim,,
190313,,Lynching in America / Lynching in Wicomico County,Community Remembrance Project,,2021,"Salisbury Lynching Memorial Task Force, Equal Justice Initiative",38.36561,-75.6004,100A N Division St,Salisbury,Wicomico County,Maryland,"Marker is at the intersection of North Division Street and East Main Street, on the right when traveling north on North Division Street. ",,http://www.hmdb.org/m.asp?m=190313,multiple events,,
8135,,Frederick Douglass,(1818 - 1895),,2006,Pennsylvania Historical and Museum Commission,39.95235,-75.59727,,West Chester,Chester County,Pennsylvania,"Marker can be reached from South High Street, on the left when traveling south. ",,http://www.hmdb.org/m.asp?m=8135,anti-lynching activism/legislation/prosecution,"doesn't necessarily explicitly say that lynching is a problem of racism—mentions opposition to ""bigotry"" but otherwise uses colorblind language of ""human freedom"" and ""equality for all Americans""",
199550,,1892 Lynching,,,2022,Friends of Robert Lewis & Minisink Valley Historical Society (MVHS),41.37652,-74.68614,32 E Main St,Port Jervis,Orange County,New York,"Marker is on East Main Street (U.S. 6) west of Ferguson Avenue, on the right when traveling west. ",,http://www.hmdb.org/m.asp?m=199550,single event--single victim,,
206009,,Maple Hall,The Home of T. Thomas Fortune,Historic Site in Journalism,2019,Society of Professional Journalists,40.3418,-74.0724,94 Drs James Parker Blvd,Red Bank,Monmouth County,New Jersey,"Marker is on Drs James Parker Boulevard east of Bridge Avenue, on the left when traveling east. ",,http://www.hmdb.org/m.asp?m=206009,anti-lynching activism/legislation/prosecution,,
145911,,Lamartine Place Historic District,New York Landmarks Preservation Foundation,,,New York Landmarks Preservation Foundation,40.74993,-73.99757,339 West 29th Street,New York,New York County,New York,"Marker is on West 29th Street west of 8th Avenue, on the right when traveling west. ",,http://www.hmdb.org/m.asp?m=145911,multiple events,though lynching of African Americans not specifically named,
74259,,George Washington Henderson,"First African-American Elected to Phi Beta Kappa, Minister, Educator, Champion of His Race",,1999,Vermont Division for Historic Preservation,44.74822,-72.70083,,Belvidere Center,Lamoille County,Vermont,"Marker is on Vermont Route 109, 4.4 miles west of Vermont Route 118, on the left when traveling west. ",,http://www.hmdb.org/m.asp?m=74259,anti-lynching activism/legislation/prosecution,,
,Source: Hmdb.org,,Comma-separated file double-quote delimited with header row. Double-quoted columns can contain  HTML <tag>s and HTML entity escape sequences like &dollar; and &36;,,,,,,,,,,,,,,,